{
  "name": "angular-translate-loader-partial",
  "description": "A plugin for Angular Translate",
  "version": "2.7.2",
  "main": "./angular-translate-loader-partial.js",
  "dependencies": {
    "angular-translate": "~2.7.2"
  },
  "ignore": [],
  "author": "Pascal Precht",
  "licenses": [
    {
      "type": "MIT",
      "url": "http://www.opensource.org/licenses/MIT"
    }
  ],
  "homepage": "https://github.com/PascalPrecht/bower-angular-translate-loader-partial",
  "_release": "2.7.2",
  "_resolution": {
    "type": "version",
    "tag": "2.7.2",
    "commit": "3653979b5b383b87ee7cb576d4377bb94227e0d5"
  },
  "_source": "git://github.com/PascalPrecht/bower-angular-translate-loader-partial.git",
  "_target": "~2.7.2",
  "_originalSource": "angular-translate-loader-partial"
}