{
  "name": "angular-ui-grid",
  "version": "3.0.0-rc.22",
  "main": [
    "./ui-grid.css",
    "./ui-grid.eot",
    "./ui-grid.js",
    "./ui-grid.svg",
    "./ui-grid.ttf",
    "./ui-grid.woff"
  ],
  "ignore": [],
  "dependencies": {
    "angular": ">=1.2.16 <=1.3.x"
  },
  "homepage": "http://ui-grid.info",
  "_release": "3.0.0-rc.22",
  "_resolution": {
    "type": "version",
    "tag": "v3.0.0-rc.22",
    "commit": "4608197fae0b321b9ed742251773021f222a7358"
  },
  "_source": "git://github.com/angular-ui/bower-ui-grid.git",
  "_target": "~3.0.0-rc.21",
  "_originalSource": "angular-ui-grid"
}