{
  "name": "angular-indexedDB",
  "homepage": "https://github.com/bramski/angular-indexedDB",
  "authors": [
    "webcss <webcss@capitain-reinigung.de>"
  ],
  "description": "An angularjs serviceprovider to utilize indexedDB with angular",
  "main": "src/indexeddb.js",
  "keywords": [
    "angularjs",
    "indexeddb",
    "angular"
  ],
  "license": "MIT",
  "_release": "73d01ca60b",
  "_resolution": {
    "type": "branch",
    "branch": "master",
    "commit": "73d01ca60b3de5896051d36c81b689a3b18f05e1"
  },
  "_source": "git://github.com/webcss/angular-indexedDB.git",
  "_target": "*",
  "_originalSource": "angularjs-indexedDB",
  "_direct": true
}